,rouge-1,rouge-2,rouge-l
r,0.47827455382101847,0.2065296216986135,0.4634916497483915
p,0.33741278603980196,0.1361544080703435,0.327725425140492
f,0.36402521103186464,0.14776253073575013,0.3533181527762286
